Name Prefix,FirstName,Middle Name,Last Name,Phonetic First Name,Phonetic Last Name,Phone 1 - Value,Organization Name,Organization Title,Website 1 - Value
QTS,Faris,Samad,Rahimi,Faris,Rahimi,+256776884744,Quadrate Tech Solutions,QTS,https://quadrate.lk
QTS,Latif,Arif,Hekmat,Latif,Hekmat,+353838888990,Quadrate Tech Solutions,QTS,https://quadrate.lk
QTS,Taimur,Musa,Lahori,Taimur,Lahori,+353892262146,Quadrate Tech Solutions,QTS,https://quadrate.lk
QTS,Nidal,Rashida,Kazemi,Nidal,Kazemi,+353894640520,Quadrate Tech Solutions,QTS,https://quadrate.lk
QTS,Kenza,Yousef,Usama,Kenza,Usama,+353899409556,Quadrate Tech Solutions,QTS,https://quadrate.lk
QTS,Ruqayyah,Badr,Zahid,Ruqayyah,Zahid,+353899476232,Quadrate Tech Solutions,QTS,https://quadrate.lk
QTS,Tahir,Hussein,Darwish,Tahir,Darwish,+353899700339,Quadrate Tech Solutions,QTS,https://quadrate.lk
QTS,Haroon,Begum,Haq,Haroon,Haq,+38978610531,Quadrate Tech Solutions,QTS,https://quadrate.lk
QTS,Nouran,Sabira,Mirza,Nouran,Mirza,+393387753169,Quadrate Tech Solutions,QTS,https://quadrate.lk
QTS,Hakim,Sajid,Butt,Hakim,Butt,+393445108007,Quadrate Tech Solutions,QTS,https://quadrate.lk
QTS,Qamar,Haleem,Saleh,Qamar,Saleh,+393518284500,Quadrate Tech Solutions,QTS,https://quadrate.lk
QTS,Sameera,Adil,Junaid,Sameera,Junaid,+447379689446,Quadrate Tech Solutions,QTS,https://quadrate.lk
QTS,Shadi,Younis,Nawaz,Shadi,Nawaz,+447403681603,Quadrate Tech Solutions,QTS,https://quadrate.lk
QTS,Tala,Qadira,Raees,Tala,Raees,+447427630365,Quadrate Tech Solutions,QTS,https://quadrate.lk
QTS,Ibrahim,Habiba,Farid,Ibrahim,Farid,+447480067943,Quadrate Tech Solutions,QTS,https://quadrate.lk
QTS,Imran,Farida,Mahmood,Imran,Mahmood,+61424975703,Quadrate Tech Solutions,QTS,https://quadrate.lk
QTS,Saad,Samira,Ansari,Saad,Ansari,+64224326443,Quadrate Tech Solutions,QTS,https://quadrate.lk
QTS,Nouran,Taqwa,Patel,Nouran,Patel,+79997451215,Quadrate Tech Solutions,QTS,https://quadrate.lk
QTS,Faisal,Lubna,Junaid,Faisal,Junaid,+821075088471,Quadrate Tech Solutions,QTS,https://quadrate.lk
QTS,Yasmin,Hamid,Zaman,Yasmin,Zaman,+94701061792,Quadrate Tech Solutions,QTS,https://quadrate.lk
QTS,Hafsa,Haytham,Israili,Hafsa,Israili,+94701103191,Quadrate Tech Solutions,QTS,https://quadrate.lk
QTS,Fadi,Hamid,Hanif,Fadi,Hanif,+94701258623,Quadrate Tech Solutions,QTS,https://quadrate.lk
QTS,Fahad,Shahzad,Akbari,Fahad,Akbari,+94701274303,Quadrate Tech Solutions,QTS,https://quadrate.lk
QTS,Majid,Jibril,Latif,Majid,Latif,+94701330083,Quadrate Tech Solutions,QTS,https://quadrate.lk
QTS,Mona,Nur,Sharif,Mona,Sharif,+94701340326,Quadrate Tech Solutions,QTS,https://quadrate.lk
QTS,Aliyah,Anwar,Chishti,Aliyah,Chishti,+94701444343,Quadrate Tech Solutions,QTS,https://quadrate.lk
QTS,Zahra,Bint,Daoud,Zahra,Daoud,+94701450602,Quadrate Tech Solutions,QTS,https://quadrate.lk
QTS,Shadi,Aslam,Zubair,Shadi,Zubair,+94701684858,Quadrate Tech Solutions,QTS,https://quadrate.lk
QTS,Tala,Rafiq,Akhtar,Tala,Akhtar,+94701768234,Quadrate Tech Solutions,QTS,https://quadrate.lk
QTS,Rabab,Bahija,Suri,Rabab,Suri,+94701814281,Quadrate Tech Solutions,QTS,https://quadrate.lk
QTS,Rami,Saleem,Rasheed,Rami,Rasheed,+94701881156,Quadrate Tech Solutions,QTS,https://quadrate.lk
QTS,Dawood,Sadia,Wazir,Dawood,Wazir,+94701947567,Quadrate Tech Solutions,QTS,https://quadrate.lk
QTS,Idris,Al-,Hassani,Idris,Hassani,+94701949735,Quadrate Tech Solutions,QTS,https://quadrate.lk
QTS,Rashed,Shahida,Talpur,Rashed,Talpur,+94702036714,Quadrate Tech Solutions,QTS,https://quadrate.lk
QTS,Nihal,Naeem,Zahid,Nihal,Zahid,+94702111106,Quadrate Tech Solutions,QTS,https://quadrate.lk
QTS,Faris,Ihsan,Daoud,Faris,Daoud,+94702257049,Quadrate Tech Solutions,QTS,https://quadrate.lk
QTS,Basimah,Sultana,Chaudhry,Basimah,Chaudhry,+94702404130,Quadrate Tech Solutions,QTS,https://quadrate.lk
QTS,Sabrina,Saeed,Haneef,Sabrina,Haneef,+94702560574,Quadrate Tech Solutions,QTS,https://quadrate.lk
QTS,Umar,Nazia,Awan,Umar,Awan,+94702575870,Quadrate Tech Solutions,QTS,https://quadrate.lk
QTS,Sara,Rasheed,Azhar,Sara,Azhar,+94702820446,Quadrate Tech Solutions,QTS,https://quadrate.lk
QTS,Ghada,Alima,Kalam,Ghada,Kalam,+94702878423,Quadrate Tech Solutions,QTS,https://quadrate.lk
QTS,Rashed,Rashida,Humayun,Rashed,Humayun,+94702989126,Quadrate Tech Solutions,QTS,https://quadrate.lk
QTS,Hussein,Tamara,Yousufzai,Hussein,Yousufzai,+94703028895,Quadrate Tech Solutions,QTS,https://quadrate.lk
QTS,Safiya,Mubarak,Raza,Safiya,Raza,+94703117920,Quadrate Tech Solutions,QTS,https://quadrate.lk
QTS,Faisal,Ridwan,Kazemi,Faisal,Kazemi,+94703215221,Quadrate Tech Solutions,QTS,https://quadrate.lk
QTS,Rania,Raheem,Sattari,Rania,Sattari,+94703226703,Quadrate Tech Solutions,QTS,https://quadrate.lk
QTS,Samiya,Feroz,Darwish,Samiya,Darwish,+94703331167,Quadrate Tech Solutions,QTS,https://quadrate.lk
QTS,Dalia,Tariq,Jafari,Dalia,Jafari,+94703374287,Quadrate Tech Solutions,QTS,https://quadrate.lk
QTS,Shadi,Saleem,Safavi,Shadi,Safavi,+94703423561,Quadrate Tech Solutions,QTS,https://quadrate.lk
QTS,Jannah,Tariq,Nasseri,Jannah,Nasseri,+94703443266,Quadrate Tech Solutions,QTS,https://quadrate.lk
QTS,Rima,Samad,Mirza,Rima,Mirza,+94703472718,Quadrate Tech Solutions,QTS,https://quadrate.lk
QTS,Wasim,Hafiz,Baqri,Wasim,Baqri,+94703556006,Quadrate Tech Solutions,QTS,https://quadrate.lk
QTS,Faisal,Shakira,Saleh,Faisal,Saleh,+94703747634,Quadrate Tech Solutions,QTS,https://quadrate.lk
QTS,Ahmed,Jibril,Naseer,Ahmed,Naseer,+94703816071,Quadrate Tech Solutions,QTS,https://quadrate.lk
QTS,Dina,Rabia,Lahori,Dina,Lahori,+94703826382,Quadrate Tech Solutions,QTS,https://quadrate.lk
QTS,Amal,Wafaa,Ayub,Amal,Ayub,+94703888085,Quadrate Tech Solutions,QTS,https://quadrate.lk
QTS,Jameel,Haleem,Mahmoud,Jameel,Mahmoud,+94703904713,Quadrate Tech Solutions,QTS,https://quadrate.lk
QTS,Ruqayyah,Umayma,Raees,Ruqayyah,Raees,+94703914326,Quadrate Tech Solutions,QTS,https://quadrate.lk
QTS,Fatima,Anisa,Zain,Fatima,Zain,+94704191618,Quadrate Tech Solutions,QTS,https://quadrate.lk
QTS,Munira,Zubaidah,Mandvi,Munira,Mandvi,+94704198479,Quadrate Tech Solutions,QTS,https://quadrate.lk
QTS,Abdullah,Isa,Abubakar,Abdullah,Abubakar,+94704299740,Quadrate Tech Solutions,QTS,https://quadrate.lk
QTS,Qamra,Nighat,Tahir,Qamra,Tahir,+94704685300,Quadrate Tech Solutions,QTS,https://quadrate.lk
QTS,Nour,Raheem,Haq,Nour,Haq,+94704811548,Quadrate Tech Solutions,QTS,https://quadrate.lk
QTS,Huda,Farooq,Hakimi,Huda,Hakimi,+94704812251,Quadrate Tech Solutions,QTS,https://quadrate.lk
QTS,Hatem,Jamilah,Roshani,Hatem,Roshani,+94704814609,Quadrate Tech Solutions,QTS,https://quadrate.lk
QTS,Dina,Amin,Sadiq,Dina,Sadiq,+94704882551,Quadrate Tech Solutions,QTS,https://quadrate.lk
QTS,Karim,Taliba,Khalil,Karim,Khalil,+94704958957,Quadrate Tech Solutions,QTS,https://quadrate.lk
QTS,Amina,Madiha,Babar,Amina,Babar,+94705055182,Quadrate Tech Solutions,QTS,https://quadrate.lk
QTS,Salma,Munira,Kazi,Salma,Kazi,+94705059590,Quadrate Tech Solutions,QTS,https://quadrate.lk
QTS,Samiya,Amin,Abbassi,Samiya,Abbassi,+94705335505,Quadrate Tech Solutions,QTS,https://quadrate.lk
QTS,Hatem,Hajra,Mughal,Hatem,Mughal,+94705593510,Quadrate Tech Solutions,QTS,https://quadrate.lk
QTS,Zahra,Zeeshan,Emami,Zahra,Emami,+94705767594,Quadrate Tech Solutions,QTS,https://quadrate.lk
QTS,Hamza,Numan,Yaqoob,Hamza,Yaqoob,+94706009405,Quadrate Tech Solutions,QTS,https://quadrate.lk
QTS,Hala,Din,Awan,Hala,Awan,+94706021027,Quadrate Tech Solutions,QTS,https://quadrate.lk
QTS,Khadija,Nusrat,Ashraf,Khadija,Ashraf,+94706266579,Quadrate Tech Solutions,QTS,https://quadrate.lk
QTS,Ismail,Munira,Kakar,Ismail,Kakar,+94706290504,Quadrate Tech Solutions,QTS,https://quadrate.lk
QTS,Amal,Kamal,Hassani,Amal,Hassani,+94706363804,Quadrate Tech Solutions,QTS,https://quadrate.lk
QTS,Fahad,Shakir,Zaidi,Fahad,Zaidi,+94706758080,Quadrate Tech Solutions,QTS,https://quadrate.lk
QTS,Sara,Najma,Qadri,Sara,Qadri,+94706768585,Quadrate Tech Solutions,QTS,https://quadrate.lk
QTS,Dalal,Raza,Bakr,Dalal,Bakr,+94707699741,Quadrate Tech Solutions,QTS,https://quadrate.lk
QTS,Tahira,Naseem,Abbassi,Tahira,Abbassi,+94707744111,Quadrate Tech Solutions,QTS,https://quadrate.lk
QTS,Mazin,Talib,Ayub,Mazin,Ayub,+94710390686,Quadrate Tech Solutions,QTS,https://quadrate.lk
QTS,Hassan,Thana,Waqar,Hassan,Waqar,+94710399347,Quadrate Tech Solutions,QTS,https://quadrate.lk
QTS,Malik,Mubin,Kermani,Malik,Kermani,+94710731375,Quadrate Tech Solutions,QTS,https://quadrate.lk
QTS,Abdulrahman,Nadira,Mahmood,Abdulrahman,Mahmood,+94710740202,Quadrate Tech Solutions,QTS,https://quadrate.lk
QTS,Latif,Karima,Mohammed,Latif,Mohammed,+94710773699,Quadrate Tech Solutions,QTS,https://quadrate.lk
QTS,Maysa,Sami,Mukhtar,Maysa,Mukhtar,+94710840270,Quadrate Tech Solutions,QTS,https://quadrate.lk
QTS,Aliyah,Hussein,Aslam,Aliyah,Aslam,+94711104509,Quadrate Tech Solutions,QTS,https://quadrate.lk
QTS,Farida,Jamal,Pashtun,Farida,Pashtun,+94711117838,Quadrate Tech Solutions,QTS,https://quadrate.lk
QTS,Tala,Jawad,Lone,Tala,Lone,+94711148889,Quadrate Tech Solutions,QTS,https://quadrate.lk
QTS,Zahra,Habib,Khatib,Zahra,Khatib,+94711188017,Quadrate Tech Solutions,QTS,https://quadrate.lk
QTS,Yasir,Hasna,Baluch,Yasir,Baluch,+94711194859,Quadrate Tech Solutions,QTS,https://quadrate.lk
QTS,Amal,Hakeem,Suri,Amal,Suri,+94711244443,Quadrate Tech Solutions,QTS,https://quadrate.lk
QTS,Mazin,Tariq,Gul,Mazin,Gul,+94711263395,Quadrate Tech Solutions,QTS,https://quadrate.lk
QTS,Majid,Faiz,Beg,Majid,Beg,+94711403741,Quadrate Tech Solutions,QTS,https://quadrate.lk
QTS,Jamal,Wasima,Sahni,Jamal,Sahni,+94711417988,Quadrate Tech Solutions,QTS,https://quadrate.lk
QTS,Amani,Shamim,Ahmadi,Amani,Ahmadi,+94711463838,Quadrate Tech Solutions,QTS,https://quadrate.lk
QTS,Usama,Shakir,Durrani,Usama,Durrani,+94711699998,Quadrate Tech Solutions,QTS,https://quadrate.lk
QTS,Madiha,Aziza,Choudhary,Madiha,Choudhary,+94711707400,Quadrate Tech Solutions,QTS,https://quadrate.lk
QTS,Huda,Anwar,Khawaja,Huda,Khawaja,+94711753190,Quadrate Tech Solutions,QTS,https://quadrate.lk
QTS,Hannah,Naima,Yasin,Hannah,Yasin,+94711877170,Quadrate Tech Solutions,QTS,https://quadrate.lk
QTS,Sumayyah,Samira,Karimi,Sumayyah,Karimi,+94711908861,Quadrate Tech Solutions,QTS,https://quadrate.lk
QTS,Abeer,Umayma,Khattak,Abeer,Khattak,+94711943603,Quadrate Tech Solutions,QTS,https://quadrate.lk
QTS,Ola,Nighat,Moosavi,Ola,Moosavi,+94711952611,Quadrate Tech Solutions,QTS,https://quadrate.lk
QTS,Rabab,Tamara,Nasseri,Rabab,Nasseri,+94711975266,Quadrate Tech Solutions,QTS,https://quadrate.lk
QTS,Khadijah,Hisham,Lone,Khadijah,Lone,+94712001588,Quadrate Tech Solutions,QTS,https://quadrate.lk
QTS,Qasim,Tamara,Azhar,Qasim,Azhar,+94712108066,Quadrate Tech Solutions,QTS,https://quadrate.lk
QTS,Tamer,Rabia,Rajput,Tamer,Rajput,+94712363752,Quadrate Tech Solutions,QTS,https://quadrate.lk
QTS,Nour,Zahira,Kashani,Nour,Kashani,+94712597570,Quadrate Tech Solutions,QTS,https://quadrate.lk
QTS,Salma,Bin,Bhatti,Salma,Bhatti,+94712605678,Quadrate Tech Solutions,QTS,https://quadrate.lk
QTS,Sumayya,Waseem,Kazemi,Sumayya,Kazemi,+94712646667,Quadrate Tech Solutions,QTS,https://quadrate.lk
QTS,Haroon,Habib,Sarwar,Haroon,Sarwar,+94712646925,Quadrate Tech Solutions,QTS,https://quadrate.lk
QTS,Tariq,Munir,Barakat,Tariq,Barakat,+94712769410,Quadrate Tech Solutions,QTS,https://quadrate.lk
QTS,Dalia,Shabbir,Sadat,Dalia,Sadat,+94712896660,Quadrate Tech Solutions,QTS,https://quadrate.lk
QTS,Sami,Majid,Abubaker,Sami,Abubaker,+94713000565,Quadrate Tech Solutions,QTS,https://quadrate.lk
QTS,Nidal,Amir,Ebrahimi,Nidal,Ebrahimi,+94713241674,Quadrate Tech Solutions,QTS,https://quadrate.lk
QTS,Fariha,Hamid,Yousaf,Fariha,Yousaf,+94713267595,Quadrate Tech Solutions,QTS,https://quadrate.lk
QTS,Aliyah,Jalal,Tareen,Aliyah,Tareen,+94713378653,Quadrate Tech Solutions,QTS,https://quadrate.lk
QTS,Malik,Fawaz,Usmani,Malik,Usmani,+94713381000,Quadrate Tech Solutions,QTS,https://quadrate.lk
QTS,Naveed,Zahira,Mohammed,Naveed,Mohammed,+94713421131,Quadrate Tech Solutions,QTS,https://quadrate.lk
QTS,Salem,Aftab,Badri,Salem,Badri,+94713421930,Quadrate Tech Solutions,QTS,https://quadrate.lk
QTS,Wafa,Munir,Jawad,Wafa,Jawad,+94713445708,Quadrate Tech Solutions,QTS,https://quadrate.lk
QTS,Shahid,Jamal,Lahori,Shahid,Lahori,+94713506443,Quadrate Tech Solutions,QTS,https://quadrate.lk
QTS,Sumayya,Maryam,Younus,Sumayya,Younus,+94713538036,Quadrate Tech Solutions,QTS,https://quadrate.lk
QTS,Yasir,Sabir,Ghafoor,Yasir,Ghafoor,+94713611892,Quadrate Tech Solutions,QTS,https://quadrate.lk
QTS,Salmah,Shazia,Iqbal,Salmah,Iqbal,+94713624997,Quadrate Tech Solutions,QTS,https://quadrate.lk
QTS,Ruqayyah,Afifa,Mahmoud,Ruqayyah,Mahmoud,+94713816762,Quadrate Tech Solutions,QTS,https://quadrate.lk
QTS,Jameela,Haris,Bangash,Jameela,Bangash,+94713832612,Quadrate Tech Solutions,QTS,https://quadrate.lk
QTS,Rashed,Wasim,Ayub,Rashed,Ayub,+94713844482,Quadrate Tech Solutions,QTS,https://quadrate.lk
QTS,Lina,Fareed,Kazemi,Lina,Kazemi,+94713946144,Quadrate Tech Solutions,QTS,https://quadrate.lk
QTS,Dina,Hafiz,Ghani,Dina,Ghani,+94714147788,Quadrate Tech Solutions,QTS,https://quadrate.lk
QTS,Salma,Siddiq,Ashraf,Salma,Ashraf,+94714171665,Quadrate Tech Solutions,QTS,https://quadrate.lk
QTS,Ruqayyah,Sadia,Lodhi,Ruqayyah,Lodhi,+94714226883,Quadrate Tech Solutions,QTS,https://quadrate.lk
QTS,Jawad,Mubin,Abdullah,Jawad,Abdullah,+94714263019,Quadrate Tech Solutions,QTS,https://quadrate.lk
QTS,Aliyah,Aziza,Jamali,Aliyah,Jamali,+94714328653,Quadrate Tech Solutions,QTS,https://quadrate.lk
QTS,Ismail,Zainab,Chishti,Ismail,Chishti,+94714349709,Quadrate Tech Solutions,QTS,https://quadrate.lk
QTS,Jannah,Zaid,Adil,Jannah,Adil,+94714379981,Quadrate Tech Solutions,QTS,https://quadrate.lk
QTS,Rashida,Marwan,Hafeez,Rashida,Hafeez,+94714401722,Quadrate Tech Solutions,QTS,https://quadrate.lk
QTS,Raheem,Naima,Rahim,Raheem,Rahim,+94714438974,Quadrate Tech Solutions,QTS,https://quadrate.lk
QTS,Jawad,Mumtaz,Niazi,Jawad,Niazi,+94714446185,Quadrate Tech Solutions,QTS,https://quadrate.lk
QTS,Halima,Mahdi,Hafeez,Halima,Hafeez,+94714478803,Quadrate Tech Solutions,QTS,https://quadrate.lk
QTS,Layla,Rabia,Siddiqui,Layla,Siddiqui,+94714492504,Quadrate Tech Solutions,QTS,https://quadrate.lk
QTS,Warda,Ihsan,Arif,Warda,Arif,+94714499782,Quadrate Tech Solutions,QTS,https://quadrate.lk
QTS,Tahira,Wasima,Lahori,Tahira,Lahori,+94714501019,Quadrate Tech Solutions,QTS,https://quadrate.lk
QTS,Dina,Anisa,Ghouri,Dina,Ghouri,+94714545632,Quadrate Tech Solutions,QTS,https://quadrate.lk
QTS,Bilal,Yasir,Yasir,Bilal,Yasir,+94714592516,Quadrate Tech Solutions,QTS,https://quadrate.lk
QTS,Ayman,Sadiqa,Mansouri,Ayman,Mansouri,+94714629757,Quadrate Tech Solutions,QTS,https://quadrate.lk
QTS,Rami,Raheem,Gilani,Rami,Gilani,+94714702550,Quadrate Tech Solutions,QTS,https://quadrate.lk
QTS,Zahir,Naeem,Roshani,Zahir,Roshani,+94714702957,Quadrate Tech Solutions,QTS,https://quadrate.lk
QTS,Farah,Taqwa,Usama,Farah,Usama,+94714775230,Quadrate Tech Solutions,QTS,https://quadrate.lk
QTS,Hossam,Nazira,Humayun,Hossam,Humayun,+94714936847,Quadrate Tech Solutions,QTS,https://quadrate.lk
QTS,Latifa,Razia,Moin,Latifa,Moin,+94714969160,Quadrate Tech Solutions,QTS,https://quadrate.lk
QTS,Umm,Hisham,Parvez,Umm,Parvez,+94715129816,Quadrate Tech Solutions,QTS,https://quadrate.lk
QTS,Khalid,Kareem,Yasir,Khalid,Yasir,+94715162657,Quadrate Tech Solutions,QTS,https://quadrate.lk
QTS,Ibrahim,Adeel,Sattari,Ibrahim,Sattari,+94715225734,Quadrate Tech Solutions,QTS,https://quadrate.lk
QTS,Jameela,Haleem,Iqbal,Jameela,Iqbal,+94715400916,Quadrate Tech Solutions,QTS,https://quadrate.lk
QTS,Safiya,Sadiq,Qureshi,Safiya,Qureshi,+94715412276,Quadrate Tech Solutions,QTS,https://quadrate.lk
QTS,Saad,Zafar,Riaz,Saad,Riaz,+94715435959,Quadrate Tech Solutions,QTS,https://quadrate.lk
QTS,Abdulrahman,Rafique,Idrisi,Abdulrahman,Idrisi,+94715478290,Quadrate Tech Solutions,QTS,https://quadrate.lk
QTS,Tariq,Ali,Farid,Tariq,Farid,+94715479661,Quadrate Tech Solutions,QTS,https://quadrate.lk
QTS,Jamal,Rauf,Zahid,Jamal,Zahid,+94715488996,Quadrate Tech Solutions,QTS,https://quadrate.lk
QTS,Saad,Nadira,Moosavi,Saad,Moosavi,+94715557111,Quadrate Tech Solutions,QTS,https://quadrate.lk
QTS,Zahir,Razia,Mukhtar,Zahir,Mukhtar,+94715594309,Quadrate Tech Solutions,QTS,https://quadrate.lk
QTS,Nadiyah,Halim,Qureshi,Nadiyah,Qureshi,+94715635308,Quadrate Tech Solutions,QTS,https://quadrate.lk
QTS,Inaya,Hassan,Marwat,Inaya,Marwat,+94715689329,Quadrate Tech Solutions,QTS,https://quadrate.lk
QTS,Tala,Thana,Daoud,Tala,Daoud,+94715708660,Quadrate Tech Solutions,QTS,https://quadrate.lk
QTS,Majid,Mumtaz,Rahmani,Majid,Rahmani,+94715744644,Quadrate Tech Solutions,QTS,https://quadrate.lk
QTS,Rashed,Jalal,Sarwar,Rashed,Sarwar,+94715768884,Quadrate Tech Solutions,QTS,https://quadrate.lk
QTS,Lubna,Abdul,Syed,Lubna,Syed,+94715773605,Quadrate Tech Solutions,QTS,https://quadrate.lk
QTS,Ibrahim,Umayma,Osman,Ibrahim,Osman,+94715774946,Quadrate Tech Solutions,QTS,https://quadrate.lk
QTS,Shadi,Asma,Moosavi,Shadi,Moosavi,+94715849344,Quadrate Tech Solutions,QTS,https://quadrate.lk
QTS,Adnan,Abdul,Nadeem,Adnan,Nadeem,+94715850870,Quadrate Tech Solutions,QTS,https://quadrate.lk
QTS,Gamal,Jabbar,Nawaz,Gamal,Nawaz,+94715921128,Quadrate Tech Solutions,QTS,https://quadrate.lk
QTS,Shadi,Anwar,Baqri,Shadi,Baqri,+94715925055,Quadrate Tech Solutions,QTS,https://quadrate.lk
QTS,Raheem,Huda,Butt,Raheem,Butt,+94715945791,Quadrate Tech Solutions,QTS,https://quadrate.lk
QTS,Zubair,Waheed,Hamid,Zubair,Hamid,+94715947567,Quadrate Tech Solutions,QTS,https://quadrate.lk
QTS,Ahmed,Shabbir,Yazdani,Ahmed,Yazdani,+94716094811,Quadrate Tech Solutions,QTS,https://quadrate.lk
QTS,Sahar,Latifa,Amiri,Sahar,Amiri,+94716095849,Quadrate Tech Solutions,QTS,https://quadrate.lk
QTS,Maryam,Khalil,Ghaznavi,Maryam,Ghaznavi,+94716151105,Quadrate Tech Solutions,QTS,https://quadrate.lk
QTS,Yasmeen,Sahar,Zahedi,Yasmeen,Zahedi,+94716169140,Quadrate Tech Solutions,QTS,https://quadrate.lk
QTS,Ruqayyah,Faiz,Kundi,Ruqayyah,Kundi,+94716215661,Quadrate Tech Solutions,QTS,https://quadrate.lk
QTS,Umar,Amin,Humayun,Umar,Humayun,+94716315055,Quadrate Tech Solutions,QTS,https://quadrate.lk
QTS,Samira,Zainab,Yasir,Samira,Yasir,+94716353164,Quadrate Tech Solutions,QTS,https://quadrate.lk
QTS,Fariha,Lubna,Abubakar,Fariha,Abubakar,+94716426687,Quadrate Tech Solutions,QTS,https://quadrate.lk
QTS,Rabia,Nusrat,Bangash,Rabia,Bangash,+94716508223,Quadrate Tech Solutions,QTS,https://quadrate.lk
QTS,Shahid,Amira,Rais,Shahid,Rais,+94716577471,Quadrate Tech Solutions,QTS,https://quadrate.lk
QTS,Dalal,Zafar,Zaman,Dalal,Zaman,+94716615939,Quadrate Tech Solutions,QTS,https://quadrate.lk
QTS,Qasim,Habib,Sharifi,Qasim,Sharifi,+94716660075,Quadrate Tech Solutions,QTS,https://quadrate.lk
QTS,Ayesha,Aziza,Yasir,Ayesha,Yasir,+94716668798,Quadrate Tech Solutions,QTS,https://quadrate.lk
QTS,Lubna,Nawra,Afridi,Lubna,Afridi,+94716722935,Quadrate Tech Solutions,QTS,https://quadrate.lk
QTS,Ramiya,Alima,Tareen,Ramiya,Tareen,+94716834596,Quadrate Tech Solutions,QTS,https://quadrate.lk
QTS,Ruba,Salah,Shah,Ruba,Shah,+94716857590,Quadrate Tech Solutions,QTS,https://quadrate.lk
QTS,Maha,Sadiqa,Turabi,Maha,Turabi,+94716874509,Quadrate Tech Solutions,QTS,https://quadrate.lk
QTS,Ayesha,Naeem,Ismail,Ayesha,Ismail,+94716876183,Quadrate Tech Solutions,QTS,https://quadrate.lk
QTS,Nabila,Sultan,Israili,Nabila,Israili,+94716961574,Quadrate Tech Solutions,QTS,https://quadrate.lk
QTS,Shahid,Warda,Nasseri,Shahid,Nasseri,+94716993989,Quadrate Tech Solutions,QTS,https://quadrate.lk
QTS,Hakim,Samira,Naseri,Hakim,Naseri,+94717041796,Quadrate Tech Solutions,QTS,https://quadrate.lk
QTS,Rafif,Mansoor,Mohammed,Rafif,Mohammed,+94717049483,Quadrate Tech Solutions,QTS,https://quadrate.lk
QTS,Nihal,Haleem,Badri,Nihal,Badri,+94717086667,Quadrate Tech Solutions,QTS,https://quadrate.lk
QTS,Maryam,Hakeem,Najafi,Maryam,Najafi,+94717101905,Quadrate Tech Solutions,QTS,https://quadrate.lk
QTS,Hakim,Salim,Talpur,Hakim,Talpur,+94717179128,Quadrate Tech Solutions,QTS,https://quadrate.lk
QTS,Inaya,Deen,Dar,Inaya,Dar,+94717266775,Quadrate Tech Solutions,QTS,https://quadrate.lk
QTS,Tariq,Sabir,Ashraf,Tariq,Ashraf,+94717279024,Quadrate Tech Solutions,QTS,https://quadrate.lk
QTS,Zubair,Hafiz,Yacoub,Zubair,Yacoub,+94717463434,Quadrate Tech Solutions,QTS,https://quadrate.lk
QTS,Zahra,Naseem,Hussain,Zahra,Hussain,+94717496912,Quadrate Tech Solutions,QTS,https://quadrate.lk
QTS,Nabila,Munir,Abidi,Nabila,Abidi,+94717503047,Quadrate Tech Solutions,QTS,https://quadrate.lk
QTS,Yara,Mubarak,Jamali,Yara,Jamali,+94717522498,Quadrate Tech Solutions,QTS,https://quadrate.lk
QTS,Khalid,Siddiqah,Gilani,Khalid,Gilani,+94717562989,Quadrate Tech Solutions,QTS,https://quadrate.lk
QTS,Hakim,Adeel,Hanif,Hakim,Hanif,+94717572206,Quadrate Tech Solutions,QTS,https://quadrate.lk
QTS,Mariam,Wasima,Habibi,Mariam,Habibi,+94717595963,Quadrate Tech Solutions,QTS,https://quadrate.lk
QTS,Madiha,Mehmood,Ramzi,Madiha,Ramzi,+94717703941,Quadrate Tech Solutions,QTS,https://quadrate.lk
QTS,Basimah,El,Yasir,Basimah,Yasir,+94717788243,Quadrate Tech Solutions,QTS,https://quadrate.lk
QTS,Leila,Tahir,Arif,Leila,Arif,+94717941530,Quadrate Tech Solutions,QTS,https://quadrate.lk
QTS,Imran,Taqi,Imam,Imran,Imam,+94717959714,Quadrate Tech Solutions,QTS,https://quadrate.lk
QTS,Tamer,Rasheed,Zaman,Tamer,Zaman,+94717995731,Quadrate Tech Solutions,QTS,https://quadrate.lk
QTS,Tahir,Feroz,Bahadur,Tahir,Bahadur,+94718311199,Quadrate Tech Solutions,QTS,https://quadrate.lk
QTS,Rashed,Raheem,Chishti,Rashed,Chishti,+94718340297,Quadrate Tech Solutions,QTS,https://quadrate.lk
QTS,Ibtisam,Sami,Jilani,Ibtisam,Jilani,+94718411511,Quadrate Tech Solutions,QTS,https://quadrate.lk
QTS,Fariha,Shakir,Rafiq,Fariha,Rafiq,+94718439868,Quadrate Tech Solutions,QTS,https://quadrate.lk
QTS,Warda,Saif,Idrisi,Warda,Idrisi,+94718543950,Quadrate Tech Solutions,QTS,https://quadrate.lk
QTS,Hatem,Samir,Omar,Hatem,Omar,+94718585418,Quadrate Tech Solutions,QTS,https://quadrate.lk
QTS,Bashir,Qadira,Rajput,Bashir,Rajput,+94718687320,Quadrate Tech Solutions,QTS,https://quadrate.lk
QTS,Faisal,Uddin,Lodhi,Faisal,Lodhi,+94718766565,Quadrate Tech Solutions,QTS,https://quadrate.lk
QTS,Tala,Adeel,Tabatabai,Tala,Tabatabai,+94718777047,Quadrate Tech Solutions,QTS,https://quadrate.lk
QTS,Dalal,Naima,Mirza,Dalal,Mirza,+94718827578,Quadrate Tech Solutions,QTS,https://quadrate.lk
QTS,Umm,Arif,Qazi,Umm,Qazi,+94718885946,Quadrate Tech Solutions,QTS,https://quadrate.lk
QTS,Rashida,Akbar,Pasha,Rashida,Pasha,+94718904043,Quadrate Tech Solutions,QTS,https://quadrate.lk
QTS,Wafa,Tariq,Jafri,Wafa,Jafri,+94719046216,Quadrate Tech Solutions,QTS,https://quadrate.lk
QTS,Karima,Sadiqa,Rahman,Karima,Rahman,+94719060750,Quadrate Tech Solutions,QTS,https://quadrate.lk
QTS,Uzma,Bin,Maleki,Uzma,Maleki,+94719168588,Quadrate Tech Solutions,QTS,https://quadrate.lk
QTS,Uzma,Sharif,Mansouri,Uzma,Mansouri,+94719195441,Quadrate Tech Solutions,QTS,https://quadrate.lk
QTS,Basimah,Banu,Nawaz,Basimah,Nawaz,+94719242999,Quadrate Tech Solutions,QTS,https://quadrate.lk
QTS,Dawood,Taqwa,Majidi,Dawood,Majidi,+94719326194,Quadrate Tech Solutions,QTS,https://quadrate.lk
QTS,Jamal,Rashida,Hayyat,Jamal,Hayyat,+94719416444,Quadrate Tech Solutions,QTS,https://quadrate.lk
QTS,Anwar,Hamid,Ghazali,Anwar,Ghazali,+94719527823,Quadrate Tech Solutions,QTS,https://quadrate.lk
QTS,Safiyyah,Alima,Latif,Safiyyah,Latif,+94719654672,Quadrate Tech Solutions,QTS,https://quadrate.lk
QTS,Hassan,Nusrat,Pashtun,Hassan,Pashtun,+94719685459,Quadrate Tech Solutions,QTS,https://quadrate.lk
QTS,Bilal,Al,Saleh,Bilal,Saleh,+94719799162,Quadrate Tech Solutions,QTS,https://quadrate.lk
QTS,Hassan,Tawfiq,Asker,Hassan,Asker,+94719800949,Quadrate Tech Solutions,QTS,https://quadrate.lk
QTS,Saad,Thana,Roshani,Saad,Roshani,+94719822309,Quadrate Tech Solutions,QTS,https://quadrate.lk
QTS,Zainab,Amira,Mohammadi,Zainab,Mohammadi,+94719830246,Quadrate Tech Solutions,QTS,https://quadrate.lk
QTS,Samah,Musa,Ramzi,Samah,Ramzi,+94719859677,Quadrate Tech Solutions,QTS,https://quadrate.lk
QTS,Mazin,Samad,Ansar,Mazin,Ansar,+94721378138,Quadrate Tech Solutions,QTS,https://quadrate.lk
QTS,Ibtisam,Yasir,Baqri,Ibtisam,Baqri,+94721450572,Quadrate Tech Solutions,QTS,https://quadrate.lk
QTS,Sahar,Khalil,Daoud,Sahar,Daoud,+94721451458,Quadrate Tech Solutions,QTS,https://quadrate.lk
QTS,Rashida,Sadiq,Kermani,Rashida,Kermani,+94722413409,Quadrate Tech Solutions,QTS,https://quadrate.lk
QTS,Lubna,Jabbar,Siddiq,Lubna,Siddiq,+94722483636,Quadrate Tech Solutions,QTS,https://quadrate.lk
QTS,Halima,Safiya,Ansar,Halima,Ansar,+94722766970,Quadrate Tech Solutions,QTS,https://quadrate.lk
QTS,Hala,Akbar,Hafeez,Hala,Hafeez,+94722838730,Quadrate Tech Solutions,QTS,https://quadrate.lk
QTS,Mariam,Shakira,Asker,Mariam,Asker,+94722958550,Quadrate Tech Solutions,QTS,https://quadrate.lk
QTS,Salmah,Tariq,Mohammed,Salmah,Mohammed,+94723456795,Quadrate Tech Solutions,QTS,https://quadrate.lk
QTS,Mohammed,Safiya,Sulaimani,Mohammed,Sulaimani,+94723543129,Quadrate Tech Solutions,QTS,https://quadrate.lk
QTS,Omar,Sajid,Jabbar,Omar,Jabbar,+94723634800,Quadrate Tech Solutions,QTS,https://quadrate.lk
QTS,Rabab,Khatun,Kazemi,Rabab,Kazemi,+94723737833,Quadrate Tech Solutions,QTS,https://quadrate.lk
QTS,Hannah,Raheem,Choudhary,Hannah,Choudhary,+94724431626,Quadrate Tech Solutions,QTS,https://quadrate.lk
QTS,Malik,El,Bakr,Malik,Bakr,+94724505808,Quadrate Tech Solutions,QTS,https://quadrate.lk
QTS,Heba,Anwar,Tahir,Heba,Tahir,+94724560224,Quadrate Tech Solutions,QTS,https://quadrate.lk
QTS,Qasim,Bin,Idrisi,Qasim,Idrisi,+94726059000,Quadrate Tech Solutions,QTS,https://quadrate.lk
QTS,Waheed,Feroz,Isfahani,Waheed,Isfahani,+94726166941,Quadrate Tech Solutions,QTS,https://quadrate.lk
QTS,Ghada,Jabbar,Zahid,Ghada,Zahid,+94726648946,Quadrate Tech Solutions,QTS,https://quadrate.lk
QTS,Rafif,Imad,Mohsin,Rafif,Mohsin,+94727071277,Quadrate Tech Solutions,QTS,https://quadrate.lk
QTS,Farida,Naseem,Durrani,Farida,Durrani,+94727128111,Quadrate Tech Solutions,QTS,https://quadrate.lk
QTS,Omar,Tahir,Hassan,Omar,Hassan,+94728152118,Quadrate Tech Solutions,QTS,https://quadrate.lk
QTS,Zubair,Samad,Rahbar,Zubair,Rahbar,+94728261560,Quadrate Tech Solutions,QTS,https://quadrate.lk
QTS,Asad,Saeed,Lone,Asad,Lone,+94728474295,Quadrate Tech Solutions,QTS,https://quadrate.lk
QTS,Nabila,Siddiq,Hanif,Nabila,Hanif,+94728486325,Quadrate Tech Solutions,QTS,https://quadrate.lk
QTS,Aziz,Sadiq,Hosseini,Aziz,Hosseini,+94728721175,Quadrate Tech Solutions,QTS,https://quadrate.lk
QTS,Warda,Wahida,Haq,Warda,Haq,+94728994377,Quadrate Tech Solutions,QTS,https://quadrate.lk
QTS,Hafsa,Zahra,Khoso,Hafsa,Khoso,+94729218420,Quadrate Tech Solutions,QTS,https://quadrate.lk
QTS,Salim,Madiha,Sadiq,Salim,Sadiq,+94729229026,Quadrate Tech Solutions,QTS,https://quadrate.lk
QTS,Latifa,El,Sattari,Latifa,Sattari,+94729556604,Quadrate Tech Solutions,QTS,https://quadrate.lk
QTS,Hassan,Parveen,Rizvi,Hassan,Rizvi,+94729790801,Quadrate Tech Solutions,QTS,https://quadrate.lk
QTS,Hossam,Nusrat,Khorasani,Hossam,Khorasani,+94729811015,Quadrate Tech Solutions,QTS,https://quadrate.lk
QTS,Sameera,Taqi,Kazmi,Sameera,Kazmi,+94740200557,Quadrate Tech Solutions,QTS,https://quadrate.lk
QTS,Huda,Salima,Tanvir,Huda,Tanvir,+94740282736,Quadrate Tech Solutions,QTS,https://quadrate.lk
QTS,Samah,Sabira,Mohsin,Samah,Mohsin,+94740363438,Quadrate Tech Solutions,QTS,https://quadrate.lk
QTS,Leila,Zafar,Jawad,Leila,Jawad,+94740402368,Quadrate Tech Solutions,QTS,https://quadrate.lk
QTS,Tahir,Inaya,Farid,Tahir,Farid,+94740468654,Quadrate Tech Solutions,QTS,https://quadrate.lk
QTS,Sumayya,Hussein,Nawaz,Sumayya,Nawaz,+94740491371,Quadrate Tech Solutions,QTS,https://quadrate.lk
QTS,Rana,Hakeem,Najafi,Rana,Najafi,+94740700921,Quadrate Tech Solutions,QTS,https://quadrate.lk
QTS,Imran,Halim,Lone,Imran,Lone,+94741001757,Quadrate Tech Solutions,QTS,https://quadrate.lk
QTS,Gamal,Tawfiq,Mansoor,Gamal,Mansoor,+94741016010,Quadrate Tech Solutions,QTS,https://quadrate.lk
QTS,Aliyah,Latif,Shaikh,Aliyah,Shaikh,+94741022049,Quadrate Tech Solutions,QTS,https://quadrate.lk
QTS,Waheed,Zainab,Qadri,Waheed,Qadri,+94741145464,Quadrate Tech Solutions,QTS,https://quadrate.lk
QTS,Nadia,Zafar,Mohsin,Nadia,Mohsin,+94741177739,Quadrate Tech Solutions,QTS,https://quadrate.lk
QTS,Omar,Nadira,Syed,Omar,Syed,+94741185975,Quadrate Tech Solutions,QTS,https://quadrate.lk
QTS,Hussein,Farooq,Sattar,Hussein,Sattar,+94741410824,Quadrate Tech Solutions,QTS,https://quadrate.lk
QTS,Warda,Wafi,Murad,Warda,Murad,+94741554286,Quadrate Tech Solutions,QTS,https://quadrate.lk
QTS,Ghazi,Sami,Bangash,Ghazi,Bangash,+94741596659,Quadrate Tech Solutions,QTS,https://quadrate.lk
QTS,Salmah,Naseem,Shakoor,Salmah,Shakoor,+94741817219,Quadrate Tech Solutions,QTS,https://quadrate.lk
QTS,Qamar,Ali,Talib,Qamar,Talib,+94742177284,Quadrate Tech Solutions,QTS,https://quadrate.lk
QTS,Irfan,Hafiz,Nabi,Irfan,Nabi,+94742184707,Quadrate Tech Solutions,QTS,https://quadrate.lk
QTS,Karim,Hajra,Ghafoor,Karim,Ghafoor,+94742216690,Quadrate Tech Solutions,QTS,https://quadrate.lk
QTS,Zayd,Sadiq,Samir,Zayd,Samir,+94742326048,Quadrate Tech Solutions,QTS,https://quadrate.lk
QTS,Hana,Faiza,Yaqoob,Hana,Yaqoob,+94742413916,Quadrate Tech Solutions,QTS,https://quadrate.lk
QTS,Adnan,Safiya,Yousufi,Adnan,Yousufi,+94742527474,Quadrate Tech Solutions,QTS,https://quadrate.lk
QTS,Ismail,Deen,Azhar,Ismail,Azhar,+94742910092,Quadrate Tech Solutions,QTS,https://quadrate.lk
QTS,Sameera,Zahra,Rahim,Sameera,Rahim,+94742969004,Quadrate Tech Solutions,QTS,https://quadrate.lk
QTS,Ali,Sharif,Safavi,Ali,Safavi,+94743078571,Quadrate Tech Solutions,QTS,https://quadrate.lk
QTS,Nadiyah,Sami,Sheikh,Nadiyah,Sheikh,+94743199590,Quadrate Tech Solutions,QTS,https://quadrate.lk
QTS,Zara,Younis,Saleh,Zara,Saleh,+94743264980,Quadrate Tech Solutions,QTS,https://quadrate.lk
QTS,Zara,Zainab,Turabi,Zara,Turabi,+94743282912,Quadrate Tech Solutions,QTS,https://quadrate.lk
QTS,Latifa,Rashida,Lone,Latifa,Lone,+94743368369,Quadrate Tech Solutions,QTS,https://quadrate.lk
QTS,Hussein,Hakeem,Tanvir,Hussein,Tanvir,+94743386661,Quadrate Tech Solutions,QTS,https://quadrate.lk
QTS,Nashwa,Zainab,Turabi,Nashwa,Turabi,+94743433776,Quadrate Tech Solutions,QTS,https://quadrate.lk
QTS,Ibtisam,Faiza,Qamar,Ibtisam,Qamar,+94743493885,Quadrate Tech Solutions,QTS,https://quadrate.lk
QTS,Usama,Ali,Yasin,Usama,Yasin,+94743554143,Quadrate Tech Solutions,QTS,https://quadrate.lk
QTS,Samah,Zubaidah,Rasheed,Samah,Rasheed,+94743615591,Quadrate Tech Solutions,QTS,https://quadrate.lk
QTS,Layla,Shakir,Osman,Layla,Osman,+94743635706,Quadrate Tech Solutions,QTS,https://quadrate.lk
QTS,Yasmeen,Zafar,Younus,Yasmeen,Younus,+94743895686,Quadrate Tech Solutions,QTS,https://quadrate.lk
QTS,Wasim,Nadira,Ghani,Wasim,Ghani,+94750204076,Quadrate Tech Solutions,QTS,https://quadrate.lk
QTS,Nadiyah,Faiza,Kundi,Nadiyah,Kundi,+94750265292,Quadrate Tech Solutions,QTS,https://quadrate.lk
QTS,Hamza,Jawad,Badri,Hamza,Badri,+94750389217,Quadrate Tech Solutions,QTS,https://quadrate.lk
QTS,Ghazi,Naeem,Rajput,Ghazi,Rajput,+94750513615,Quadrate Tech Solutions,QTS,https://quadrate.lk
QTS,Hossam,Wafi,Khalid,Hossam,Khalid,+94750677352,Quadrate Tech Solutions,QTS,https://quadrate.lk
QTS,Abeer,Ehsan,Farooqi,Abeer,Farooqi,+94750815482,Quadrate Tech Solutions,QTS,https://quadrate.lk
QTS,Abdulrahman,Haleem,Hashmi,Abdulrahman,Hashmi,+94751535425,Quadrate Tech Solutions,QTS,https://quadrate.lk
QTS,Salem,Nasir,Taheri,Salem,Taheri,+94752055831,Quadrate Tech Solutions,QTS,https://quadrate.lk
QTS,Rana,Zahra,Nagi,Rana,Nagi,+94752092284,Quadrate Tech Solutions,QTS,https://quadrate.lk
QTS,Fahad,Sadiq,Askari,Fahad,Askari,+94752093754,Quadrate Tech Solutions,QTS,https://quadrate.lk
QTS,Safiya,Siddiq,Ansar,Safiya,Ansar,+94752256988,Quadrate Tech Solutions,QTS,https://quadrate.lk
QTS,Kamran,Wasim,Kakar,Kamran,Kakar,+94752307254,Quadrate Tech Solutions,QTS,https://quadrate.lk
QTS,Rami,Deen,Talib,Rami,Talib,+94752357798,Quadrate Tech Solutions,QTS,https://quadrate.lk
QTS,Fariha,Rahima,Zamani,Fariha,Zamani,+94752360560,Quadrate Tech Solutions,QTS,https://quadrate.lk
QTS,Rania,Amira,Raees,Rania,Raees,+94752382807,Quadrate Tech Solutions,QTS,https://quadrate.lk
QTS,Jawad,Mohammed,Talpur,Jawad,Talpur,+94752539525,Quadrate Tech Solutions,QTS,https://quadrate.lk
QTS,Rashid,Talib,Shah,Rashid,Shah,+94752711130,Quadrate Tech Solutions,QTS,https://quadrate.lk
QTS,Nabeela,Salim,Mahmudi,Nabeela,Mahmudi,+94752986577,Quadrate Tech Solutions,QTS,https://quadrate.lk
QTS,Tamer,Rashida,Patel,Tamer,Patel,+94753129676,Quadrate Tech Solutions,QTS,https://quadrate.lk
QTS,Ibrahim,Raheem,Naseer,Ibrahim,Naseer,+94753216764,Quadrate Tech Solutions,QTS,https://quadrate.lk
QTS,Rania,Sadia,Mushtaq,Rania,Mushtaq,+94753503501,Quadrate Tech Solutions,QTS,https://quadrate.lk
QTS,Bushra,Nusrat,Nasir,Bushra,Nasir,+94753607234,Quadrate Tech Solutions,QTS,https://quadrate.lk
QTS,Adnan,Shabbir,Rashid,Adnan,Rashid,+94753609022,Quadrate Tech Solutions,QTS,https://quadrate.lk
QTS,Nadiyah,Fadila,Khalil,Nadiyah,Khalil,+94753611730,Quadrate Tech Solutions,QTS,https://quadrate.lk
QTS,Abeer,Rashida,Ahmadi,Abeer,Ahmadi,+94753723609,Quadrate Tech Solutions,QTS,https://quadrate.lk
QTS,Usama,Sahar,Nouri,Usama,Nouri,+94753867348,Quadrate Tech Solutions,QTS,https://quadrate.lk
QTS,Zainab,Sultan,Mirwais,Zainab,Mirwais,+94754033406,Quadrate Tech Solutions,QTS,https://quadrate.lk
QTS,Sumayya,Aziza,Naseri,Sumayya,Naseri,+94754038392,Quadrate Tech Solutions,QTS,https://quadrate.lk
QTS,Lubna,Nazira,Mughal,Lubna,Mughal,+94754394144,Quadrate Tech Solutions,QTS,https://quadrate.lk
QTS,Siham,Sharif,Samir,Siham,Samir,+94754394632,Quadrate Tech Solutions,QTS,https://quadrate.lk
QTS,Ali,Rasheed,Abbassi,Ali,Abbassi,+94754521322,Quadrate Tech Solutions,QTS,https://quadrate.lk
QTS,Rafif,Lubna,Tirmizi,Rafif,Tirmizi,+94754598288,Quadrate Tech Solutions,QTS,https://quadrate.lk
QTS,Fahad,Ibn,Alvi,Fahad,Alvi,+94754762808,Quadrate Tech Solutions,QTS,https://quadrate.lk
QTS,Aliyah,Maryam,Moosavi,Aliyah,Moosavi,+94754970528,Quadrate Tech Solutions,QTS,https://quadrate.lk
QTS,Zaynab,Shirin,Murad,Zaynab,Murad,+94754987000,Quadrate Tech Solutions,QTS,https://quadrate.lk
QTS,Adnan,Thana,Awan,Adnan,Awan,+94755247997,Quadrate Tech Solutions,QTS,https://quadrate.lk
QTS,Hamza,Siddiq,Saeed,Hamza,Saeed,+94755337351,Quadrate Tech Solutions,QTS,https://quadrate.lk
QTS,Abdulrahman,Wafaa,Dar,Abdulrahman,Dar,+94755434634,Quadrate Tech Solutions,QTS,https://quadrate.lk
QTS,Adnan,Amira,Naseer,Adnan,Naseer,+94755648266,Quadrate Tech Solutions,QTS,https://quadrate.lk
QTS,Jad,Ihsan,Yousafzai,Jad,Yousafzai,+94755666463,Quadrate Tech Solutions,QTS,https://quadrate.lk
QTS,Zaynab,Basima,Sherazi,Zaynab,Sherazi,+94755695781,Quadrate Tech Solutions,QTS,https://quadrate.lk
QTS,Basimah,Sharif,Tabatabai,Basimah,Tabatabai,+94755699615,Quadrate Tech Solutions,QTS,https://quadrate.lk
QTS,Aliyah,Hajra,Bukhari,Aliyah,Bukhari,+94755776648,Quadrate Tech Solutions,QTS,https://quadrate.lk
QTS,Usama,Hamida,Mughal,Usama,Mughal,+94755800808,Quadrate Tech Solutions,QTS,https://quadrate.lk
QTS,Salim,Haris,Taimuri,Salim,Taimuri,+94755917936,Quadrate Tech Solutions,QTS,https://quadrate.lk
QTS,Hala,Imran,Barakat,Hala,Barakat,+94756071230,Quadrate Tech Solutions,QTS,https://quadrate.lk
QTS,Rami,Zakiya,Karimi,Rami,Karimi,+94756193852,Quadrate Tech Solutions,QTS,https://quadrate.lk
QTS,Hafsah,Raheem,Azam,Hafsah,Azam,+94756580759,Quadrate Tech Solutions,QTS,https://quadrate.lk
QTS,Qadir,Samira,Rahbar,Qadir,Rahbar,+94756911550,Quadrate Tech Solutions,QTS,https://quadrate.lk
QTS,Zubair,Sajid,Hashemi,Zubair,Hashemi,+94756993073,Quadrate Tech Solutions,QTS,https://quadrate.lk
QTS,Kenza,Habiba,Hashmi,Kenza,Hashmi,+94757001500,Quadrate Tech Solutions,QTS,https://quadrate.lk
QTS,Hafsa,Wahida,Kirmani,Hafsa,Kirmani,+94757178203,Quadrate Tech Solutions,QTS,https://quadrate.lk
QTS,Najib,Farooq,Mazari,Najib,Mazari,+94757222583,Quadrate Tech Solutions,QTS,https://quadrate.lk
QTS,Mustafa,Hafiz,Zahid,Mustafa,Zahid,+94757321325,Quadrate Tech Solutions,QTS,https://quadrate.lk
QTS,Amira,Shahzad,Yousafzai,Amira,Yousafzai,+94757355547,Quadrate Tech Solutions,QTS,https://quadrate.lk
QTS,Nabila,Wafaa,Amiri,Nabila,Amiri,+94757501044,Quadrate Tech Solutions,QTS,https://quadrate.lk
QTS,Yasir,Nawra,Sattar,Yasir,Sattar,+94757636122,Quadrate Tech Solutions,QTS,https://quadrate.lk
QTS,Lina,Naima,Najafi,Lina,Najafi,+94757756609,Quadrate Tech Solutions,QTS,https://quadrate.lk
QTS,Fahad,Rabia,Rafiq,Fahad,Rafiq,+94757973119,Quadrate Tech Solutions,QTS,https://quadrate.lk
QTS,Latifa,Faiza,Mushtaq,Latifa,Mushtaq,+94758002155,Quadrate Tech Solutions,QTS,https://quadrate.lk
QTS,Imaan,Samira,Nawaz,Imaan,Nawaz,+94758261122,Quadrate Tech Solutions,QTS,https://quadrate.lk
QTS,Bilal,Shabbir,Abdullah,Bilal,Abdullah,+94758532323,Quadrate Tech Solutions,QTS,https://quadrate.lk
QTS,Waheed,Khalida,Baqri,Waheed,Baqri,+94758585000,Quadrate Tech Solutions,QTS,https://quadrate.lk
QTS,Ruba,Zain,Roshan,Ruba,Roshan,+94759172471,Quadrate Tech Solutions,QTS,https://quadrate.lk
QTS,Ibtisam,Zain,Mohammed,Ibtisam,Mohammed,+94759176729,Quadrate Tech Solutions,QTS,https://quadrate.lk
QTS,Sameera,Ihsan,Ahmed,Sameera,Ahmed,+94759246419,Quadrate Tech Solutions,QTS,https://quadrate.lk
QTS,Ismail,Taqi,Khoso,Ismail,Khoso,+94759369587,Quadrate Tech Solutions,QTS,https://quadrate.lk
QTS,Warda,Hasna,Nawaz,Warda,Nawaz,+94759403869,Quadrate Tech Solutions,QTS,https://quadrate.lk
QTS,Madiha,Yousef,Hussain,Madiha,Hussain,+94759568265,Quadrate Tech Solutions,QTS,https://quadrate.lk
QTS,Latif,Jabbar,Arif,Latif,Arif,+94759696131,Quadrate Tech Solutions,QTS,https://quadrate.lk
QTS,Siham,Zainab,Jilani,Siham,Jilani,+94759729370,Quadrate Tech Solutions,QTS,https://quadrate.lk
QTS,Aliyah,Jibril,Awan,Aliyah,Awan,+94760004339,Quadrate Tech Solutions,QTS,https://quadrate.lk
QTS,Nihal,Wahida,Lahori,Nihal,Lahori,+94760006909,Quadrate Tech Solutions,QTS,https://quadrate.lk
QTS,Asad,Shamsa,Ansar,Asad,Ansar,+94760056728,Quadrate Tech Solutions,QTS,https://quadrate.lk
QTS,Ruqayyah,Nazia,Farid,Ruqayyah,Farid,+94760264983,Quadrate Tech Solutions,QTS,https://quadrate.lk
QTS,Salmah,Faiza,Rais,Salmah,Rais,+94760300409,Quadrate Tech Solutions,QTS,https://quadrate.lk
QTS,Mohammed,Waheed,Noor,Mohammed,Noor,+94760302004,Quadrate Tech Solutions,QTS,https://quadrate.lk
QTS,Hamza,Azam,Hafeez,Hamza,Hafeez,+94760322209,Quadrate Tech Solutions,QTS,https://quadrate.lk
QTS,Zaynab,Mubin,Ansar,Zaynab,Ansar,+94760324439,Quadrate Tech Solutions,QTS,https://quadrate.lk
QTS,Qamra,Zainab,Rezaei,Qamra,Rezaei,+94760338655,Quadrate Tech Solutions,QTS,https://quadrate.lk
QTS,Amira,Afifa,Latif,Amira,Latif,+94760357658,Quadrate Tech Solutions,QTS,https://quadrate.lk
QTS,Ola,Bin,Khalid,Ola,Khalid,+94760387728,Quadrate Tech Solutions,QTS,https://quadrate.lk
QTS,Adnan,Rafiq,Ibrahim,Adnan,Ibrahim,+94760419815,Quadrate Tech Solutions,QTS,https://quadrate.lk
QTS,Dalia,Tawfiq,Gilani,Dalia,Gilani,+94760490260,Quadrate Tech Solutions,QTS,https://quadrate.lk
QTS,Tamer,Jalal,Khoso,Tamer,Khoso,+94760633279,Quadrate Tech Solutions,QTS,https://quadrate.lk
QTS,Zara,Wasima,Shams,Zara,Shams,+94760641827,Quadrate Tech Solutions,QTS,https://quadrate.lk
QTS,Sara,Shakira,Tabatabai,Sara,Tabatabai,+94760818384,Quadrate Tech Solutions,QTS,https://quadrate.lk
QTS,Tahira,Bin,Ansar,Tahira,Ansar,+94760832435,Quadrate Tech Solutions,QTS,https://quadrate.lk
QTS,Salmah,Amira,Khalid,Salmah,Khalid,+94760902006,Quadrate Tech Solutions,QTS,https://quadrate.lk
QTS,Aliyah,Raheem,Baqri,Aliyah,Baqri,+94760932326,Quadrate Tech Solutions,QTS,https://quadrate.lk
QTS,Nouran,Nighat,Ibrahim,Nouran,Ibrahim,+94760959907,Quadrate Tech Solutions,QTS,https://quadrate.lk
QTS,Malika,Sakina,Khalid,Malika,Khalid,+94761010160,Quadrate Tech Solutions,QTS,https://quadrate.lk
QTS,Hakim,Zafar,Sattari,Hakim,Sattari,+94761010341,Quadrate Tech Solutions,QTS,https://quadrate.lk
QTS,Rima,Najma,Bahri,Rima,Bahri,+94761042360,Quadrate Tech Solutions,QTS,https://quadrate.lk
QTS,Maryam,Asif,Nasir,Maryam,Nasir,+94761101168,Quadrate Tech Solutions,QTS,https://quadrate.lk
QTS,Waheed,Anwar,Pasha,Waheed,Pasha,+94761170770,Quadrate Tech Solutions,QTS,https://quadrate.lk
QTS,Idris,Amir,Najjar,Idris,Najjar,+94761251683,Quadrate Tech Solutions,QTS,https://quadrate.lk
QTS,Nihal,Ihsan,Khalid,Nihal,Khalid,+94761373283,Quadrate Tech Solutions,QTS,https://quadrate.lk
QTS,Aminah,Rashid,Rafiq,Aminah,Rafiq,+94761373284,Quadrate Tech Solutions,QTS,https://quadrate.lk
QTS,Latif,Hakeem,Qazi,Latif,Qazi,+94761588603,Quadrate Tech Solutions,QTS,https://quadrate.lk
QTS,Wasim,Feroz,Yacoub,Wasim,Yacoub,+94761683359,Quadrate Tech Solutions,QTS,https://quadrate.lk
QTS,Munir,Afifa,Dar,Munir,Dar,+94761777809,Quadrate Tech Solutions,QTS,https://quadrate.lk
QTS,Nadia,Samir,Safi,Nadia,Safi,+94761902311,Quadrate Tech Solutions,QTS,https://quadrate.lk
QTS,Rafif,Numan,Najafi,Rafif,Najafi,+94761903232,Quadrate Tech Solutions,QTS,https://quadrate.lk
QTS,Munir,Mubarak,Mohammadi,Munir,Mohammadi,+94761943673,Quadrate Tech Solutions,QTS,https://quadrate.lk
QTS,Asiya,Mohammed,Usman,Asiya,Usman,+94761948902,Quadrate Tech Solutions,QTS,https://quadrate.lk
QTS,Madiha,Hafsa,Riaz,Madiha,Riaz,+94762171736,Quadrate Tech Solutions,QTS,https://quadrate.lk
QTS,Rania,Hashim,Aslam,Rania,Aslam,+94762259449,Quadrate Tech Solutions,QTS,https://quadrate.lk
QTS,Anwar,Saif,Rahimi,Anwar,Rahimi,+94762273197,Quadrate Tech Solutions,QTS,https://quadrate.lk
QTS,Tahira,Razia,Khalil,Tahira,Khalil,+94762352974,Quadrate Tech Solutions,QTS,https://quadrate.lk
QTS,Hassan,Shakir,Latif,Hassan,Latif,+94762491228,Quadrate Tech Solutions,QTS,https://quadrate.lk
QTS,Zahir,Waleed,Nawaz,Zahir,Nawaz,+94762572549,Quadrate Tech Solutions,QTS,https://quadrate.lk
QTS,Amira,Banu,Farooqi,Amira,Farooqi,+94762644771,Quadrate Tech Solutions,QTS,https://quadrate.lk
QTS,Amal,Hanifa,Sadiq,Amal,Sadiq,+94762683619,Quadrate Tech Solutions,QTS,https://quadrate.lk
QTS,Ayman,Salim,Agha,Ayman,Agha,+94762727244,Quadrate Tech Solutions,QTS,https://quadrate.lk
QTS,Badriyah,Sultan,Hashemi,Badriyah,Hashemi,+94762754930,Quadrate Tech Solutions,QTS,https://quadrate.lk
QTS,Aminah,Asif,Iqbal,Aminah,Iqbal,+94762755022,Quadrate Tech Solutions,QTS,https://quadrate.lk
QTS,Rafiq,Hasna,Zaman,Rafiq,Zaman,+94762926009,Quadrate Tech Solutions,QTS,https://quadrate.lk
QTS,Malika,Yusuf,Usman,Malika,Usman,+94762991280,Quadrate Tech Solutions,QTS,https://quadrate.lk
QTS,Bushra,Hisham,Afridi,Bushra,Afridi,+94763011292,Quadrate Tech Solutions,QTS,https://quadrate.lk
QTS,Fariha,Ihsan,Yasin,Fariha,Yasin,+94763040747,Quadrate Tech Solutions,QTS,https://quadrate.lk
QTS,Tala,Amin,Sahni,Tala,Sahni,+94763074621,Quadrate Tech Solutions,QTS,https://quadrate.lk
QTS,Munir,Deen,Javed,Munir,Javed,+94763087842,Quadrate Tech Solutions,QTS,https://quadrate.lk
QTS,Sawsan,Isa,Najjar,Sawsan,Najjar,+94763132566,Quadrate Tech Solutions,QTS,https://quadrate.lk
QTS,Karima,Imran,Qamar,Karima,Qamar,+94763132959,Quadrate Tech Solutions,QTS,https://quadrate.lk
QTS,Ghada,Alima,Shah,Ghada,Shah,+94763181573,Quadrate Tech Solutions,QTS,https://quadrate.lk
QTS,Aziz,Shamsa,Sharif,Aziz,Sharif,+94763289997,Quadrate Tech Solutions,QTS,https://quadrate.lk
QTS,Asad,Amira,Mirza,Asad,Mirza,+94763405357,Quadrate Tech Solutions,QTS,https://quadrate.lk
QTS,Tahira,Sahar,Ghaznavi,Tahira,Ghaznavi,+94763441245,Quadrate Tech Solutions,QTS,https://quadrate.lk
QTS,Mona,Hussein,Sattari,Mona,Sattari,+94763442642,Quadrate Tech Solutions,QTS,https://quadrate.lk
QTS,Salem,Din,Abubakar,Salem,Abubakar,+94763443204,Quadrate Tech Solutions,QTS,https://quadrate.lk
QTS,Asiya,Begum,Ghani,Asiya,Ghani,+94763445780,Quadrate Tech Solutions,QTS,https://quadrate.lk
QTS,Hannah,Samad,Dar,Hannah,Dar,+94763546038,Quadrate Tech Solutions,QTS,https://quadrate.lk
QTS,Dawood,Zain,Rahbar,Dawood,Rahbar,+94763622256,Quadrate Tech Solutions,QTS,https://quadrate.lk
QTS,Qamra,Shihab,Naseri,Qamra,Naseri,+94763642503,Quadrate Tech Solutions,QTS,https://quadrate.lk
QTS,Aziz,Jamilah,Kashani,Aziz,Kashani,+94763952682,Quadrate Tech Solutions,QTS,https://quadrate.lk
QTS,Yara,Maryam,Zahid,Yara,Zahid,+94764034650,Quadrate Tech Solutions,QTS,https://quadrate.lk
QTS,Kenza,Tariq,Alim,Kenza,Alim,+94764037108,Quadrate Tech Solutions,QTS,https://quadrate.lk
QTS,Amal,Zainab,Zamani,Amal,Zamani,+94764083644,Quadrate Tech Solutions,QTS,https://quadrate.lk
QTS,Samah,Shakir,Usmani,Samah,Usmani,+94764085858,Quadrate Tech Solutions,QTS,https://quadrate.lk
QTS,Munira,Aftab,Tarin,Munira,Tarin,+94764306687,Quadrate Tech Solutions,QTS,https://quadrate.lk
QTS,Ibrahim,Anisa,Khorasani,Ibrahim,Khorasani,+94764457631,Quadrate Tech Solutions,QTS,https://quadrate.lk
QTS,Qadir,Faiza,Mandvi,Qadir,Mandvi,+94764464770,Quadrate Tech Solutions,QTS,https://quadrate.lk
QTS,Ruqayyah,Taliba,Jalali,Ruqayyah,Jalali,+94764627356,Quadrate Tech Solutions,QTS,https://quadrate.lk
QTS,Haroon,Khan,Yasin,Haroon,Yasin,+94764693920,Quadrate Tech Solutions,QTS,https://quadrate.lk
QTS,Amani,Saif,Javid,Amani,Javid,+94764746654,Quadrate Tech Solutions,QTS,https://quadrate.lk
QTS,Kamran,Munira,Qadri,Kamran,Qadri,+94764777498,Quadrate Tech Solutions,QTS,https://quadrate.lk
QTS,Omar,Warda,Rauf,Omar,Rauf,+94764802384,Quadrate Tech Solutions,QTS,https://quadrate.lk
QTS,Siham,Noor,Ashraf,Siham,Ashraf,+94764877116,Quadrate Tech Solutions,QTS,https://quadrate.lk
QTS,Imran,Faiz,Hashmi,Imran,Hashmi,+94764922563,Quadrate Tech Solutions,QTS,https://quadrate.lk
QTS,Aliyah,Tahira,Badri,Aliyah,Badri,+94764952178,Quadrate Tech Solutions,QTS,https://quadrate.lk
QTS,Khalil,Sami,Talib,Khalil,Talib,+94764987617,Quadrate Tech Solutions,QTS,https://quadrate.lk
QTS,Munira,Bahija,Bukhari,Munira,Bukhari,+94765265550,Quadrate Tech Solutions,QTS,https://quadrate.lk
QTS,Malika,Feroz,Jalali,Malika,Jalali,+94765363371,Quadrate Tech Solutions,QTS,https://quadrate.lk
QTS,Bushra,Hussein,Rafique,Bushra,Rafique,+94765382049,Quadrate Tech Solutions,QTS,https://quadrate.lk
QTS,Lina,Qadeer,Iqbal,Lina,Iqbal,+94765413384,Quadrate Tech Solutions,QTS,https://quadrate.lk
QTS,Yusuf,Mubin,Siddiq,Yusuf,Siddiq,+94765485062,Quadrate Tech Solutions,QTS,https://quadrate.lk
QTS,Halima,Shakir,Jafari,Halima,Jafari,+94765521650,Quadrate Tech Solutions,QTS,https://quadrate.lk
QTS,Aliyah,Yumna,Yasin,Aliyah,Yasin,+94765536398,Quadrate Tech Solutions,QTS,https://quadrate.lk
QTS,Bilal,Amir,Nawaz,Bilal,Nawaz,+94765589234,Quadrate Tech Solutions,QTS,https://quadrate.lk
QTS,Adnan,Imran,Zain,Adnan,Zain,+94765699427,Quadrate Tech Solutions,QTS,https://quadrate.lk
QTS,Rabab,Sharif,Shaikh,Rabab,Shaikh,+94765702951,Quadrate Tech Solutions,QTS,https://quadrate.lk
QTS,Nadiyah,Faiza,Ghani,Nadiyah,Ghani,+94765721587,Quadrate Tech Solutions,QTS,https://quadrate.lk
QTS,Abeer,Qadira,Sattari,Abeer,Sattari,+94765733564,Quadrate Tech Solutions,QTS,https://quadrate.lk
QTS,Hossam,Saeed,Hamid,Hossam,Hamid,+94765736229,Quadrate Tech Solutions,QTS,https://quadrate.lk
QTS,Dalal,Karima,Ansar,Dalal,Ansar,+94765840297,Quadrate Tech Solutions,QTS,https://quadrate.lk
QTS,Mazin,Wasima,Nasseri,Mazin,Nasseri,+94766073822,Quadrate Tech Solutions,QTS,https://quadrate.lk
QTS,Jannah,Amin,Rashid,Jannah,Rashid,+94766074673,Quadrate Tech Solutions,QTS,https://quadrate.lk
QTS,Taimur,Khatun,Maleki,Taimur,Maleki,+94766078981,Quadrate Tech Solutions,QTS,https://quadrate.lk
QTS,Hafsa,Imran,Bakr,Hafsa,Bakr,+94766115413,Quadrate Tech Solutions,QTS,https://quadrate.lk
QTS,Zubair,Safiya,Samir,Zubair,Samir,+94766154483,Quadrate Tech Solutions,QTS,https://quadrate.lk
QTS,Irfan,Nighat,Yasin,Irfan,Yasin,+94766173771,Quadrate Tech Solutions,QTS,https://quadrate.lk
QTS,Zaynab,Samir,Barakat,Zaynab,Barakat,+94766188094,Quadrate Tech Solutions,QTS,https://quadrate.lk
QTS,Khalil,Parveen,Shakoor,Khalil,Shakoor,+94766216081,Quadrate Tech Solutions,QTS,https://quadrate.lk
QTS,Jannah,Shirin,Naseer,Jannah,Naseer,+94766311548,Quadrate Tech Solutions,QTS,https://quadrate.lk
QTS,Bushra,Anisa,Kohistani,Bushra,Kohistani,+94766344353,Quadrate Tech Solutions,QTS,https://quadrate.lk
QTS,Wasim,Nabila,Kalam,Wasim,Kalam,+94766397247,Quadrate Tech Solutions,QTS,https://quadrate.lk
QTS,Ruqayyah,Munir,Alim,Ruqayyah,Alim,+94766431915,Quadrate Tech Solutions,QTS,https://quadrate.lk
QTS,Madiha,Shamim,Wani,Madiha,Wani,+94766449000,Quadrate Tech Solutions,QTS,https://quadrate.lk
QTS,Ibrahim,Tariq,Azad,Ibrahim,Azad,+94766477729,Quadrate Tech Solutions,QTS,https://quadrate.lk
QTS,Rana,Hikmat,Mahmoud,Rana,Mahmoud,+94766543820,Quadrate Tech Solutions,QTS,https://quadrate.lk
QTS,Nasir,Hakeem,Rafiq,Nasir,Rafiq,+94766616406,Quadrate Tech Solutions,QTS,https://quadrate.lk
QTS,Badriyah,Imad,Makhdoom,Badriyah,Makhdoom,+94766683600,Quadrate Tech Solutions,QTS,https://quadrate.lk
QTS,Nouran,Rauf,Farooqi,Nouran,Farooqi,+94766735008,Quadrate Tech Solutions,QTS,https://quadrate.lk
QTS,Dalia,Fawad,Imam,Dalia,Imam,+94766854597,Quadrate Tech Solutions,QTS,https://quadrate.lk
QTS,Amani,Saif,Wani,Amani,Wani,+94766872563,Quadrate Tech Solutions,QTS,https://quadrate.lk
QTS,Jawad,Wasima,Rahimi,Jawad,Rahimi,+94766916441,Quadrate Tech Solutions,QTS,https://quadrate.lk
QTS,Ali,Akbar,Awan,Ali,Awan,+94766956614,Quadrate Tech Solutions,QTS,https://quadrate.lk
QTS,Najib,Mumtaz,Fawzi,Najib,Fawzi,+94766969188,Quadrate Tech Solutions,QTS,https://quadrate.lk
QTS,Mona,Nasreen,Hekmat,Mona,Hekmat,+94767001336,Quadrate Tech Solutions,QTS,https://quadrate.lk
QTS,Farida,Hasan,Naseer,Farida,Naseer,+94767030178,Quadrate Tech Solutions,QTS,https://quadrate.lk
QTS,Rabia,Sabir,Tahir,Rabia,Tahir,+94767150199,Quadrate Tech Solutions,QTS,https://quadrate.lk
QTS,Sabrina,Yumna,Abubaker,Sabrina,Abubaker,+94767252637,Quadrate Tech Solutions,QTS,https://quadrate.lk
QTS,Qamar,Hussein,Sadeq,Qamar,Sadeq,+94767292161,Quadrate Tech Solutions,QTS,https://quadrate.lk
QTS,Fatima,Marwan,Kermani,Fatima,Kermani,+94767309803,Quadrate Tech Solutions,QTS,https://quadrate.lk
QTS,Umar,Raza,Askari,Umar,Askari,+94767344191,Quadrate Tech Solutions,QTS,https://quadrate.lk
QTS,Yusuf,Mumtaz,Azhar,Yusuf,Azhar,+94767345335,Quadrate Tech Solutions,QTS,https://quadrate.lk
QTS,Mona,Farooq,Safavi,Mona,Safavi,+94767376613,Quadrate Tech Solutions,QTS,https://quadrate.lk
QTS,Maysa,Basima,Turabi,Maysa,Turabi,+94767574424,Quadrate Tech Solutions,QTS,https://quadrate.lk
QTS,Farah,Feroz,Safavi,Farah,Safavi,+94767633964,Quadrate Tech Solutions,QTS,https://quadrate.lk
QTS,Khadijah,Saif,Qamar,Khadijah,Qamar,+94767637265,Quadrate Tech Solutions,QTS,https://quadrate.lk
QTS,Rabia,Ibn,Durrani,Rabia,Durrani,+94767721113,Quadrate Tech Solutions,QTS,https://quadrate.lk
QTS,Fariha,Yousef,Karimi,Fariha,Karimi,+94767727137,Quadrate Tech Solutions,QTS,https://quadrate.lk
QTS,Faris,Khatun,Zain,Faris,Zain,+94767757946,Quadrate Tech Solutions,QTS,https://quadrate.lk
QTS,Sameera,Nazia,Ahmad,Sameera,Ahmad,+94767808511,Quadrate Tech Solutions,QTS,https://quadrate.lk
QTS,Nour,Aftab,Alim,Nour,Alim,+94767814937,Quadrate Tech Solutions,QTS,https://quadrate.lk
QTS,Hamza,Zainab,Shah,Hamza,Shah,+94767870446,Quadrate Tech Solutions,QTS,https://quadrate.lk
QTS,Ramiya,Naeem,Rahim,Ramiya,Rahim,+94767891211,Quadrate Tech Solutions,QTS,https://quadrate.lk
QTS,Tala,Samad,Fawzi,Tala,Fawzi,+94767937219,Quadrate Tech Solutions,QTS,https://quadrate.lk
QTS,Majid,Zahid,Awan,Majid,Awan,+94767950457,Quadrate Tech Solutions,QTS,https://quadrate.lk
QTS,Salma,Wajid,Rizvi,Salma,Rizvi,+94767965502,Quadrate Tech Solutions,QTS,https://quadrate.lk
QTS,Dalal,Fawad,Nawaz,Dalal,Nawaz,+94767994986,Quadrate Tech Solutions,QTS,https://quadrate.lk
QTS,Yasir,Hafiz,Asker,Yasir,Asker,+94768077168,Quadrate Tech Solutions,QTS,https://quadrate.lk
QTS,Siham,Siddiq,Sheikh,Siham,Sheikh,+94768118173,Quadrate Tech Solutions,QTS,https://quadrate.lk
QTS,Raheem,Najma,Bahri,Raheem,Bahri,+94768215805,Quadrate Tech Solutions,QTS,https://quadrate.lk
QTS,Badriyah,Parveen,Akhundzada,Badriyah,Akhundzada,+94768250878,Quadrate Tech Solutions,QTS,https://quadrate.lk
QTS,Rabab,Badr,Mughal,Rabab,Mughal,+94768365092,Quadrate Tech Solutions,QTS,https://quadrate.lk
QTS,Najib,Samira,Wani,Najib,Wani,+94768406491,Quadrate Tech Solutions,QTS,https://quadrate.lk
QTS,Ayesha,Rashid,Latif,Ayesha,Latif,+94768465444,Quadrate Tech Solutions,QTS,https://quadrate.lk
QTS,Jamal,Qadeer,Askari,Jamal,Askari,+94768504649,Quadrate Tech Solutions,QTS,https://quadrate.lk
QTS,Qasim,Sakina,Badri,Qasim,Badri,+94768547950,Quadrate Tech Solutions,QTS,https://quadrate.lk
QTS,Maryam,Basima,Farid,Maryam,Farid,+94768548894,Quadrate Tech Solutions,QTS,https://quadrate.lk
QTS,Salem,Hafsa,Naderi,Salem,Naderi,+94768607505,Quadrate Tech Solutions,QTS,https://quadrate.lk
QTS,Wafa,Yousef,Bakr,Wafa,Bakr,+94768701749,Quadrate Tech Solutions,QTS,https://quadrate.lk
QTS,Layla,Shirin,Moin,Layla,Moin,+94768712902,Quadrate Tech Solutions,QTS,https://quadrate.lk
QTS,Yasir,Raza,Rahman,Yasir,Rahman,+94768733259,Quadrate Tech Solutions,QTS,https://quadrate.lk
QTS,Adnan,Aaliyah,Junaid,Adnan,Junaid,+94768778386,Quadrate Tech Solutions,QTS,https://quadrate.lk
QTS,Ibrahim,Mohammed,Safi,Ibrahim,Safi,+94768787009,Quadrate Tech Solutions,QTS,https://quadrate.lk
QTS,Amina,Haytham,Bangash,Amina,Bangash,+94768849061,Quadrate Tech Solutions,QTS,https://quadrate.lk
QTS,Waqar,Aaliyah,Qadir,Waqar,Qadir,+94768860301,Quadrate Tech Solutions,QTS,https://quadrate.lk
QTS,Hannah,Shazia,Umer,Hannah,Umer,+94768880858,Quadrate Tech Solutions,QTS,https://quadrate.lk
QTS,Adnan,Tariq,Saleh,Adnan,Saleh,+94768892361,Quadrate Tech Solutions,QTS,https://quadrate.lk
QTS,Madiha,Samad,Hashmi,Madiha,Hashmi,+94768895197,Quadrate Tech Solutions,QTS,https://quadrate.lk
QTS,Layla,El,Zubair,Layla,Zubair,+94769016271,Quadrate Tech Solutions,QTS,https://quadrate.lk
QTS,Mona,Zubaidah,Yousuf,Mona,Yousuf,+94769031652,Quadrate Tech Solutions,QTS,https://quadrate.lk
QTS,Sabrina,Manal,Abbasi,Sabrina,Abbasi,+94769154837,Quadrate Tech Solutions,QTS,https://quadrate.lk
QTS,Ibtisam,Jamil,Yousufi,Ibtisam,Yousufi,+94769186949,Quadrate Tech Solutions,QTS,https://quadrate.lk
QTS,Malika,Waseem,Iqbal,Malika,Iqbal,+94769290258,Quadrate Tech Solutions,QTS,https://quadrate.lk
QTS,Dina,Yumna,Khan,Dina,Khan,+94769423456,Quadrate Tech Solutions,QTS,https://quadrate.lk
QTS,Safiyyah,Latif,Mirza,Safiyyah,Mirza,+94769610817,Quadrate Tech Solutions,QTS,https://quadrate.lk
QTS,Hafsah,Wajid,Khorasani,Hafsah,Khorasani,+94769642274,Quadrate Tech Solutions,QTS,https://quadrate.lk
QTS,Bushra,Nur,Zahid,Bushra,Zahid,+94769705962,Quadrate Tech Solutions,QTS,https://quadrate.lk
QTS,Mazin,Hadi,Najafi,Mazin,Najafi,+94769718361,Quadrate Tech Solutions,QTS,https://quadrate.lk
QTS,Nabila,Asif,Naderi,Nabila,Naderi,+94769718793,Quadrate Tech Solutions,QTS,https://quadrate.lk
QTS,Idris,Sabir,Israili,Idris,Israili,+94769722930,Quadrate Tech Solutions,QTS,https://quadrate.lk
QTS,Aliyah,Sabira,Hosseini,Aliyah,Hosseini,+94769733448,Quadrate Tech Solutions,QTS,https://quadrate.lk
QTS,Ruqayyah,Hasan,Qadir,Ruqayyah,Qadir,+94769775100,Quadrate Tech Solutions,QTS,https://quadrate.lk
QTS,Zaynab,Hadi,Moosavi,Zaynab,Moosavi,+94769791700,Quadrate Tech Solutions,QTS,https://quadrate.lk
QTS,Siham,Jawad,Umer,Siham,Umer,+94769798955,Quadrate Tech Solutions,QTS,https://quadrate.lk
QTS,Salim,Zahid,Majidi,Salim,Majidi,+94769802720,Quadrate Tech Solutions,QTS,https://quadrate.lk
QTS,Zainab,Badr,Ghaznavi,Zainab,Ghaznavi,+94769820399,Quadrate Tech Solutions,QTS,https://quadrate.lk
QTS,Kamran,Samad,Javid,Kamran,Javid,+94769932319,Quadrate Tech Solutions,QTS,https://quadrate.lk
QTS,Zahra,Azam,Hashmi,Zahra,Hashmi,+94769959131,Quadrate Tech Solutions,QTS,https://quadrate.lk
QTS,Yusuf,Parveen,Emami,Yusuf,Emami,+94770073810,Quadrate Tech Solutions,QTS,https://quadrate.lk
QTS,Nasir,Hasna,Ghaznavi,Nasir,Ghaznavi,+94770101442,Quadrate Tech Solutions,QTS,https://quadrate.lk
QTS,Nidal,Naeem,Khattak,Nidal,Khattak,+94770115435,Quadrate Tech Solutions,QTS,https://quadrate.lk
QTS,Badriyah,Faiz,Nawaz,Badriyah,Nawaz,+94770116589,Quadrate Tech Solutions,QTS,https://quadrate.lk
QTS,Mustafa,Asif,Yasir,Mustafa,Yasir,+94770195505,Quadrate Tech Solutions,QTS,https://quadrate.lk
QTS,Hamza,Nadira,Azizi,Hamza,Azizi,+94770231428,Quadrate Tech Solutions,QTS,https://quadrate.lk
QTS,Shadi,Ridwan,Rashid,Shadi,Rashid,+94770251695,Quadrate Tech Solutions,QTS,https://quadrate.lk
QTS,Haroon,Faiza,Isfahani,Haroon,Isfahani,+94770254500,Quadrate Tech Solutions,QTS,https://quadrate.lk
QTS,Sara,Nusrat,Hashmi,Sara,Hashmi,+94770354949,Quadrate Tech Solutions,QTS,https://quadrate.lk
QTS,Abeer,Haytham,Jalali,Abeer,Jalali,+94770362885,Quadrate Tech Solutions,QTS,https://quadrate.lk
QTS,Sara,Farida,Hekmat,Sara,Hekmat,+94770402163,Quadrate Tech Solutions,QTS,https://quadrate.lk
QTS,Safiya,Ihsan,Murad,Safiya,Murad,+94770404950,Quadrate Tech Solutions,QTS,https://quadrate.lk
QTS,Hana,Salah,Majeed,Hana,Majeed,+94770417733,Quadrate Tech Solutions,QTS,https://quadrate.lk
QTS,Rafiq,Waseem,Naqvi,Rafiq,Naqvi,+94770420489,Quadrate Tech Solutions,QTS,https://quadrate.lk
QTS,Heba,Nabila,Parvez,Heba,Parvez,+94771022300,Quadrate Tech Solutions,QTS,https://quadrate.lk
QTS,Maysa,Tahir,Mukhtar,Maysa,Mukhtar,+94771040751,Quadrate Tech Solutions,QTS,https://quadrate.lk
QTS,Jawad,Jamal,Majidi,Jawad,Majidi,+94771105134,Quadrate Tech Solutions,QTS,https://quadrate.lk
QTS,Bushra,Parveen,Elahi,Bushra,Elahi,+94771167693,Quadrate Tech Solutions,QTS,https://quadrate.lk
QTS,Usama,Warda,Hashemi,Usama,Hashemi,+94771184451,Quadrate Tech Solutions,QTS,https://quadrate.lk
QTS,Shahid,Habib,Najafi,Shahid,Najafi,+94771257537,Quadrate Tech Solutions,QTS,https://quadrate.lk
QTS,Mazin,Ihsan,Rafiq,Mazin,Rafiq,+94771274403,Quadrate Tech Solutions,QTS,https://quadrate.lk
QTS,Lubna,Afifa,Nawaz,Lubna,Nawaz,+94771399190,Quadrate Tech Solutions,QTS,https://quadrate.lk
QTS,Omar,Ahmed,Qadir,Omar,Qadir,+94771432110,Quadrate Tech Solutions,QTS,https://quadrate.lk
QTS,Dalal,Fawaz,Emami,Dalal,Emami,+94771495433,Quadrate Tech Solutions,QTS,https://quadrate.lk
QTS,Amira,Akbar,Hakimi,Amira,Hakimi,+94771506757,Quadrate Tech Solutions,QTS,https://quadrate.lk
QTS,Bashir,Mahmoud,Pasha,Bashir,Pasha,+94771548912,Quadrate Tech Solutions,QTS,https://quadrate.lk
QTS,Malika,Wajid,Sharif,Malika,Sharif,+94771575701,Quadrate Tech Solutions,QTS,https://quadrate.lk
QTS,Rashid,Tahira,Ali,Rashid,Ali,+94771580760,Quadrate Tech Solutions,QTS,https://quadrate.lk
QTS,Samira,Basima,Pasha,Samira,Pasha,+94772101670,Quadrate Tech Solutions,QTS,https://quadrate.lk
QTS,Saad,Habib,Tamimi,Saad,Tamimi,+94772115297,Quadrate Tech Solutions,QTS,https://quadrate.lk
QTS,Khadijah,Saida,Gilani,Khadijah,Gilani,+94772220006,Quadrate Tech Solutions,QTS,https://quadrate.lk
QTS,Irfan,Mubin,Bakr,Irfan,Bakr,+94772224761,Quadrate Tech Solutions,QTS,https://quadrate.lk
QTS,Jannah,Rauf,Mansouri,Jannah,Mansouri,+94772225800,Quadrate Tech Solutions,QTS,https://quadrate.lk
QTS,Nur,Akbar,Gilani,Nur,Gilani,+94772259547,Quadrate Tech Solutions,QTS,https://quadrate.lk
QTS,Jamal,Faiza,Khawaja,Jamal,Khawaja,+94772262634,Quadrate Tech Solutions,QTS,https://quadrate.lk
QTS,Farha,Salim,Lone,Farha,Lone,+94772277250,Quadrate Tech Solutions,QTS,https://quadrate.lk
QTS,Ola,Banu,Ayub,Ola,Ayub,+94772659899,Quadrate Tech Solutions,QTS,https://quadrate.lk
QTS,Leila,Sahar,Hamid,Leila,Hamid,+94772720959,Quadrate Tech Solutions,QTS,https://quadrate.lk
QTS,Maryam,Saida,Naqvi,Maryam,Naqvi,+94772724678,Quadrate Tech Solutions,QTS,https://quadrate.lk
QTS,Hafsa,Tariq,Qamar,Hafsa,Qamar,+94772727251,Quadrate Tech Solutions,QTS,https://quadrate.lk
QTS,Usama,Farooq,Farid,Usama,Farid,+94772728758,Quadrate Tech Solutions,QTS,https://quadrate.lk
QTS,Hafsah,Sakina,Hashmi,Hafsah,Hashmi,+94772787106,Quadrate Tech Solutions,QTS,https://quadrate.lk
QTS,Rashid,Zainab,Khatib,Rashid,Khatib,+94772870620,Quadrate Tech Solutions,QTS,https://quadrate.lk
QTS,Nour,Ehsan,Qadir,Nour,Qadir,+94772899960,Quadrate Tech Solutions,QTS,https://quadrate.lk
QTS,Maha,Haytham,Lodhi,Maha,Lodhi,+94773030839,Quadrate Tech Solutions,QTS,https://quadrate.lk
QTS,Hassan,Din,Maleki,Hassan,Maleki,+94773035392,Quadrate Tech Solutions,QTS,https://quadrate.lk
QTS,Hana,Taqwa,Badri,Hana,Badri,+94773036474,Quadrate Tech Solutions,QTS,https://quadrate.lk
QTS,Khadijah,Shabbir,Usama,Khadijah,Usama,+94773052743,Quadrate Tech Solutions,QTS,https://quadrate.lk
QTS,Latifa,Waleed,Tahir,Latifa,Tahir,+94773098008,Quadrate Tech Solutions,QTS,https://quadrate.lk
QTS,Fatima,Noor,Zahid,Fatima,Zahid,+94773106437,Quadrate Tech Solutions,QTS,https://quadrate.lk
QTS,Rania,Rafiq,Mahmood,Rania,Mahmood,+94773149219,Quadrate Tech Solutions,QTS,https://quadrate.lk
QTS,Usama,Basim,Emami,Usama,Emami,+94773159201,Quadrate Tech Solutions,QTS,https://quadrate.lk
QTS,Lina,Haris,Kermani,Lina,Kermani,+94773251313,Quadrate Tech Solutions,QTS,https://quadrate.lk
QTS,Saad,Rashid,Kazemi,Saad,Kazemi,+94773252216,Quadrate Tech Solutions,QTS,https://quadrate.lk
QTS,Asiya,Rasheed,Usman,Asiya,Usman,+94773289932,Quadrate Tech Solutions,QTS,https://quadrate.lk
QTS,Najib,Inaya,Ghani,Najib,Ghani,+94773323005,Quadrate Tech Solutions,QTS,https://quadrate.lk
QTS,Taimur,Khalida,Jafari,Taimur,Jafari,+94773344332,Quadrate Tech Solutions,QTS,https://quadrate.lk
QTS,Hafsa,Bin,Rizvi,Hafsa,Rizvi,+94773367003,Quadrate Tech Solutions,QTS,https://quadrate.lk
QTS,Rana,Siddiq,Haneef,Rana,Haneef,+94773552574,Quadrate Tech Solutions,QTS,https://quadrate.lk
QTS,Farida,Rabia,Mansoor,Farida,Mansoor,+94773646915,Quadrate Tech Solutions,QTS,https://quadrate.lk
QTS,Aisha,Sharif,Safavi,Aisha,Safavi,+94773659127,Quadrate Tech Solutions,QTS,https://quadrate.lk
QTS,Aminah,Najma,Fawzi,Aminah,Fawzi,+94773665461,Quadrate Tech Solutions,QTS,https://quadrate.lk
QTS,Ayman,Badr,Kazi,Ayman,Kazi,+94773692493,Quadrate Tech Solutions,QTS,https://quadrate.lk
QTS,Sumayyah,Saif,Zamani,Sumayyah,Zamani,+94773741324,Quadrate Tech Solutions,QTS,https://quadrate.lk
QTS,Taimur,Fadila,Lodin,Taimur,Lodin,+94773742180,Quadrate Tech Solutions,QTS,https://quadrate.lk
QTS,Jawad,Habib,Zahedi,Jawad,Zahedi,+94773775579,Quadrate Tech Solutions,QTS,https://quadrate.lk
QTS,Mohammed,Wahida,Haq,Mohammed,Haq,+94773947985,Quadrate Tech Solutions,QTS,https://quadrate.lk
QTS,Nabeela,Jalal,Turabi,Nabeela,Turabi,+94773952798,Quadrate Tech Solutions,QTS,https://quadrate.lk
QTS,Dawood,Sultan,Bangash,Dawood,Bangash,+94773989585,Quadrate Tech Solutions,QTS,https://quadrate.lk
QTS,Nadia,Zahira,Maleki,Nadia,Maleki,+94774141450,Quadrate Tech Solutions,QTS,https://quadrate.lk
QTS,Zaynab,Hassan,Jafari,Zaynab,Jafari,+94774166202,Quadrate Tech Solutions,QTS,https://quadrate.lk
QTS,Tariq,Sakina,Sarwar,Tariq,Sarwar,+94774281310,Quadrate Tech Solutions,QTS,https://quadrate.lk
QTS,Tala,Shahzad,Mughal,Tala,Mughal,+94774296796,Quadrate Tech Solutions,QTS,https://quadrate.lk
QTS,Qamar,Yumna,Ahmed,Qamar,Ahmed,+94774773759,Quadrate Tech Solutions,QTS,https://quadrate.lk
QTS,Sahar,Waseem,Naseri,Sahar,Naseri,+94774785636,Quadrate Tech Solutions,QTS,https://quadrate.lk
QTS,Leila,Rabia,Jafari,Leila,Jafari,+94774840486,Quadrate Tech Solutions,QTS,https://quadrate.lk
QTS,Amal,Sajid,Beg,Amal,Beg,+94774929868,Quadrate Tech Solutions,QTS,https://quadrate.lk
QTS,Shadi,Qadeer,Kalam,Shadi,Kalam,+94774960472,Quadrate Tech Solutions,QTS,https://quadrate.lk
QTS,Idris,Wasim,Moosavi,Idris,Moosavi,+94774980816,Quadrate Tech Solutions,QTS,https://quadrate.lk
QTS,Hana,Zahra,Daoud,Hana,Daoud,+94775159791,Quadrate Tech Solutions,QTS,https://quadrate.lk
QTS,Dina,Lubna,Zaman,Dina,Zaman,+94775226911,Quadrate Tech Solutions,QTS,https://quadrate.lk
QTS,Yasmeen,Thana,Khalid,Yasmeen,Khalid,+94775441464,Quadrate Tech Solutions,QTS,https://quadrate.lk
QTS,Tariq,Saida,Elahi,Tariq,Elahi,+94775450405,Quadrate Tech Solutions,QTS,https://quadrate.lk
QTS,Rami,Bahija,Tanvir,Rami,Tanvir,+94775459777,Quadrate Tech Solutions,QTS,https://quadrate.lk
QTS,Mazin,Salima,Mohammed,Mazin,Mohammed,+94775499169,Quadrate Tech Solutions,QTS,https://quadrate.lk
QTS,Tala,Saida,Zahid,Tala,Zahid,+94775606829,Quadrate Tech Solutions,QTS,https://quadrate.lk
QTS,Imran,Shazia,Lodhi,Imran,Lodhi,+94775748922,Quadrate Tech Solutions,QTS,https://quadrate.lk
QTS,Jad,Halim,Tabatabai,Jad,Tabatabai,+94775923325,Quadrate Tech Solutions,QTS,https://quadrate.lk
QTS,Irfan,Haleem,Mahmood,Irfan,Mahmood,+94775955815,Quadrate Tech Solutions,QTS,https://quadrate.lk
QTS,Safia,Sadiq,Rabbani,Safia,Rabbani,+94775961495,Quadrate Tech Solutions,QTS,https://quadrate.lk
QTS,Huda,Amira,Farooq,Huda,Farooq,+94776024062,Quadrate Tech Solutions,QTS,https://quadrate.lk
QTS,Rabab,Feroz,Rahmani,Rabab,Rahmani,+94776043470,Quadrate Tech Solutions,QTS,https://quadrate.lk
QTS,Hossam,Madiha,Safi,Hossam,Safi,+94776052011,Quadrate Tech Solutions,QTS,https://quadrate.lk
QTS,Siham,Haleem,Haq,Siham,Haq,+94776074444,Quadrate Tech Solutions,QTS,https://quadrate.lk
QTS,Imran,Kareem,Hassan,Imran,Hassan,+94776076798,Quadrate Tech Solutions,QTS,https://quadrate.lk
QTS,Fatimah,Aslam,Latif,Fatimah,Latif,+94776420012,Quadrate Tech Solutions,QTS,https://quadrate.lk
QTS,Mohammed,Haleem,Hosseini,Mohammed,Hosseini,+94776453265,Quadrate Tech Solutions,QTS,https://quadrate.lk
QTS,Hassan,Wasima,Rezaei,Hassan,Rezaei,+94776503006,Quadrate Tech Solutions,QTS,https://quadrate.lk
